{"type": "block", "layer": 1, "block": 2, "features": [{"geom": {"lines": [[2284.025226779282, -1090.7527275728062, 211.8860321044922, 2198.2932176440954, -1117.1653878586367, 208.98545837402344, 1759.9393267966807, -1237.9333577863872, 206.2310333251953, 1721.1778801027685, -1252.8317791242152, 206.32655334472656, 1695.83043204993, -1298.3068884853274, 206.79135131835938, 1695.83043204993, -1483.9486556947231, 206.60255432128906, 1850.8873507753015, -1791.827306789346, 0.0, 1925.438013760373, -1865.6313518472016, 0.0, 1991.0497216340154, -1900.6709660794586, 0.0, 2058.141978735104, -1970.0087686153129, 0.0, 2155.056727418676, -1983.4238850558177, 0.0, 2284.025226779282, -2009.6557992147282, 0.0]]}, "mtl": {"idx": 0}}, {"geom": {"lines": [[1292.252750126645, -1884.6623472431675, 0.0, 1476.9429173022509, -1748.7924977140501, 0.0, 1639.3803182691336, -1624.5810411274433, 208.51583862304688, 1721.8235331494361, -1575.1688985303044, 207.0, 1805.1684359069914, -1630.7039129976183, 207.5708770751953, 1857.4329368341714, -1778.8993398072198, 0.0, 2073.492936514318, -2011.5019607609138, 0.0, 2184.5118646826595, -2063.075661815703, 0.0, 2284.025226779282, -2105.654703966342, 0.0]]}, "mtl": {"idx": 0}}], "featureCount": 2, "startIndex": 100}